Metric,Value,Value (%)
Maximum Drawdown,-0.3753301638237573,-37.53301638237573
