Metric,Value,Value (%)
Annualised Return Contribution,0.19738516431167566,19.738516431167564
Annualised Volatility Contribution,0.14649919894328223,14.649919894328223
