Metric,Value,Value (%)
Annualised Return,0.33229825641696253,33.22982564169625
Annualised Volatility,0.24663164805266366,24.663164805266366
