Metric,Value,Value (%)
Annualised Return,0.27472517438204364,27.472517438204363
Annualised Volatility,0.18786812321167537,18.786812321167538
Sharpe Ratio,1.2563343389347037,
