Metric,Value,Value (%)
Maximum Drawdown,-0.25472265125845805,-25.472265125845805
