,New Allocation Weight,New Allocation Weight (%)
CAT,0.08,8.0
XOM,0.075,7.5
RTX,0.07,7.000000000000001
JPM,0.065,6.5
JNJ,0.06,6.0
PG,0.056,5.6000000000000005
